Titlu1,Gen15,2000,Actor28
Titlu13,Gen3,1999,Actor18
Titlu10,Gen22,2005,Actor1
Titlu27,Gen28,2000,Actor15
Titlu9,Gen27,2015,Actor16
Titlu20,Gen12,2005,Actor11
Titlu26,Gen23,2001,Actor2
Titlu7,Gen18,2000,Actor25
Titlu12,Gen0,1999,Actor21
Titlu24,Gen9,2004,Actor22
Titlu14,Gen18,2003,Actor10
Titlu22,Gen16,2011,Actor18
Titlu18,Gen1,2015,Actor12
Titlu17,Gen27,2012,Actor5
Titlu4,Gen20,2006,Actor5
Titlu23,Gen10,1997,Actor27
Titlu0,Gen6,2013,Actor3
Titlu5,Gen8,2007,Actor19
Titlu3,Gen8,2007,Actor19
aaaaaaaaaaa,aaaaaaaaaa,2013,dsfffffffffff
aaaaaaaaaaaaaa,aaaaaaaaaaaaaaa,2013,dsfffffffffff
